{
    "$schema": "http://schema.management.azure.com/schemas/2015-01-01/deploymentTemplate.json#",
    "contentVersion": "1.0.0.0",
    "parameters": {
        "FunctionName": {
            "defaultValue": "Vectra",
            "minLength": 1,
            "maxLength": 11,
            "type": "string"
        },
        "WorkspaceID": {
            "type": "string",
            "minLength": 1
        },
        "WorkspaceKey": {
            "type": "securestring",
            "minLength": 1
        },
        "VectraBaseURL": {
            "type": "string",
            "metadata": {
                "description": "BaseURL starting with \"https://\" followed by hostname (Ex: https://host.portal.vectra.ai)."
            }
        },
        "VectraClientId": {
            "type": "string",
            "minLength": 1
        },
        "VectraClientSecretKey": {
            "type": "securestring",
            "minLength": 1
        },
        "StartTime": {
            "type": "string",
            "metadata": {
                "description": "Optional. Start Time for data collection in UTC (MM/DD/YYYY HH:MM:SS) Format (Ex: 07/19/2022 14:36:12). Default will be Current time."
            },
            "defaultValue": ""
        },
        "AuditsTableName": {
            "type": "string",
            "defaultValue": "Audits_Data"
        },
        "AccountDetectionTableName": {
            "type": "string",
            "defaultValue": "Account_Detection_Data"
        },
        "EntityScoringTableName": {
            "type": "string",
            "defaultValue": "Entity_Scoring_Data"
        },
        "LogLevel": {
            "type": "string",
            "defaultValue": "INFO",
            "metadata": {
                "description": "Please select log level or log severity value. By default it is set to INFO."
            },
            "allowedValues": [
                "DEBUG",
                "INFO",
                "ERROR"
            ]
        },
        "AccountDetectionSchedule": {
            "type": "string",
            "defaultValue": "0 2/10 * * * *",
            "metadata": {
                "description": "Enter a valid Quartz cron-expression. The default value is every 10 minutes starting from Minute :02 of every hour."
            }
        },
        "AuditsSchedule": {
            "type": "string",
            "defaultValue": "0 5/10 * * * *",
            "metadata": {
                "description": "Enter a valid Quartz cron-expression. The default value is every 10 minutes starting from Minute :05 of every hour."
            }
        },
        "EntityScoringSchedule": {
            "type": "string",
            "defaultValue": "0 8/10 * * * *",
            "metadata": {
                "description": "Enter a valid Quartz cron-expression. The default value is every 10 minutes starting from Minute :08 of every hour."
            }
        }
    },
    "variables": {
        "FunctionName": "[concat(toLower(parameters('FunctionName')), uniqueString(resourceGroup().id))]",
        "StorageSuffix": "[environment().suffixes.storage]",
        "LogAnaltyicsUri": "[replace(environment().portal, 'https://portal', concat('https://', toLower(parameters('WorkspaceID')), '.ods.opinsights'))]"
    },
    "resources": [
        {
            "type": "Microsoft.Insights/components",
            "apiVersion": "2015-05-01",
            "name": "[variables('FunctionName')]",
            "location": "[resourceGroup().location]",
            "kind": "web",
            "properties": {
                "Application_Type": "web",
                "ApplicationId": "[variables('FunctionName')]"
            }
        },
        {
            "type": "Microsoft.Storage/storageAccounts",
            "apiVersion": "2019-06-01",
            "name": "[tolower(variables('FunctionName'))]",
            "location": "[resourceGroup().location]",
            "sku": {
                "name": "Standard_LRS",
                "tier": "Standard"
            },
            "kind": "StorageV2",
            "properties": {
                "networkAcls": {
                    "bypass": "AzureServices",
                    "virtualNetworkRules": [],
                    "ipRules": [],
                    "defaultAction": "Allow"
                },
                "supportsHttpsTrafficOnly": true,
                "encryption": {
                    "services": {
                        "file": {
                            "keyType": "Account",
                            "enabled": true
                        },
                        "blob": {
                            "keyType": "Account",
                            "enabled": true
                        }
                    },
                    "keySource": "Microsoft.Storage"
                }
            }
        },
        {
            "type": "Microsoft.Storage/storageAccounts/blobServices",
            "apiVersion": "2019-06-01",
            "name": "[concat(variables('FunctionName'), '/default')]",
            "dependsOn": [
                "[resourceId('Microsoft.Storage/storageAccounts', tolower(variables('FunctionName')))]"
            ],
            "sku": {
                "name": "Standard_LRS",
                "tier": "Standard"
            },
            "properties": {
                "cors": {
                    "corsRules": []
                },
                "deleteRetentionPolicy": {
                    "enabled": false
                }
            }
        },
        {
            "type": "Microsoft.Storage/storageAccounts/fileServices",
            "apiVersion": "2019-06-01",
            "name": "[concat(variables('FunctionName'), '/default')]",
            "dependsOn": [
                "[resourceId('Microsoft.Storage/storageAccounts', tolower(variables('FunctionName')))]"
            ],
            "sku": {
                "name": "Standard_LRS",
                "tier": "Standard"
            },
            "properties": {
                "cors": {
                    "corsRules": []
                }
            }
        },
        {
            "type": "Microsoft.Web/sites",
            "apiVersion": "2018-11-01",
            "name": "[variables('FunctionName')]",
            "location": "[resourceGroup().location]",
            "dependsOn": [
                "[resourceId('Microsoft.Storage/storageAccounts', tolower(variables('FunctionName')))]",
                "[resourceId('Microsoft.Insights/components', variables('FunctionName'))]"
            ],
            "kind": "functionapp,linux",
            "identity": {
                "type": "SystemAssigned"
            },
            "properties": {
                "name": "[variables('FunctionName')]",
                "httpsOnly": true,
                "clientAffinityEnabled": true,
                "alwaysOn": true,
                "reserved": true,
                "siteConfig": {
                    "linuxFxVersion": "python|3.8"
                }
            },
            "resources": [
                {
                    "apiVersion": "2018-11-01",
                    "type": "config",
                    "name": "appsettings",
                    "dependsOn": [
                        "[concat('Microsoft.Web/sites/', variables('FunctionName'))]"
                    ],
                    "properties": {
                        "FUNCTIONS_EXTENSION_VERSION": "~4",
                        "FUNCTIONS_WORKER_RUNTIME": "python",
                        "APPINSIGHTS_INSTRUMENTATIONKEY": "[reference(resourceId('Microsoft.insights/components', variables('FunctionName')), '2015-05-01').InstrumentationKey]",
                        "APPLICATIONINSIGHTS_CONNECTION_STRING": "[reference(resourceId('microsoft.insights/components', variables('FunctionName')), '2015-05-01').ConnectionString]",
                        "AzureWebJobsStorage": "[concat('DefaultEndpointsProtocol=https;AccountName=', toLower(variables('FunctionName')),';AccountKey=',listKeys(resourceId('Microsoft.Storage/storageAccounts', toLower(variables('FunctionName'))), '2019-06-01').keys[0].value, ';EndpointSuffix=',toLower(variables('StorageSuffix')))]",
                        "logAnalyticsUri": "[variables('LogAnaltyicsUri')]",
                        "WorkspaceID": "[parameters('WorkspaceID')]",
                        "WorkspaceKey": "[parameters('WorkspaceKey')]",
                        "ClientId": "[parameters('VectraClientId')]",
                        "ClientSecretKey": "[parameters('VectraClientSecretKey')]",
                        "BaseURL": "[parameters('VectraBaseURL')]",
                        "StartTime": "[parameters('StartTime')]",
                        "Audits_Table_Name": "[parameters('AuditsTableName')]",
                        "Account_Detection_Table_Name": "[parameters('AccountDetectionTableName')]",
                        "Entity_Scoring_Table_Name": "[parameters('EntityScoringTableName')]",
                        "LogLevel": "[parameters('LogLevel')]",
                        "AccountDetectionSchedule": "[parameters('AccountDetectionSchedule')]",
                        "AuditsSchedule": "[parameters('AuditsSchedule')]",
                        "EntityScoringSchedule": "[parameters('EntityScoringSchedule')]",
                        "WEBSITE_RUN_FROM_PACKAGE": "https://aka.ms/sentinel-VectraCloudAPI-functionapp"
                    }
                }
            ]
        },
        {
            "type": "Microsoft.Storage/storageAccounts/blobServices/containers",
            "apiVersion": "2019-06-01",
            "name": "[concat(variables('FunctionName'), '/default/azure-webjobs-hosts')]",
            "dependsOn": [
                "[resourceId('Microsoft.Storage/storageAccounts/blobServices', variables('FunctionName'), 'default')]",
                "[resourceId('Microsoft.Storage/storageAccounts', variables('FunctionName'))]"
            ],
            "properties": {
                "publicAccess": "None"
            }
        },
        {
            "type": "Microsoft.Storage/storageAccounts/blobServices/containers",
            "apiVersion": "2019-06-01",
            "name": "[concat(variables('FunctionName'), '/default/azure-webjobs-secrets')]",
            "dependsOn": [
                "[resourceId('Microsoft.Storage/storageAccounts/blobServices', variables('FunctionName'), 'default')]",
                "[resourceId('Microsoft.Storage/storageAccounts', variables('FunctionName'))]"
            ],
            "properties": {
                "publicAccess": "None"
            }
        },
        {
            "type": "Microsoft.Storage/storageAccounts/fileServices/shares",
            "apiVersion": "2019-06-01",
            "name": "[concat(variables('FunctionName'), '/default/', tolower(variables('FunctionName')))]",
            "dependsOn": [
                "[resourceId('Microsoft.Storage/storageAccounts/fileServices', variables('FunctionName'), 'default')]",
                "[resourceId('Microsoft.Storage/storageAccounts', variables('FunctionName'))]"
            ],
            "properties": {
                "shareQuota": 5120
            }
        }
    ]
}